{"mtx1": [[691.2781036312174, 0.0, 251.06719754578535], [0.0, 1082.5327330444163, 209.12183705801817], [0.0, 0.0, 1.0]], "dist1": [[-0.42322939912360713, -0.755479470600214, 0.006454235592824747, 0.01247163527737172, 4.04964882659632]], "mtx2": [[352.6454555985937, 0.0, 250.22412325752407], [0.0, 636.9986886674553, 206.3223908115639], [0.0, 0.0, 1.0]], "dist2": [[2.989155080100142, -321.4639668508449, 0.0003226844142877639, 0.001542707488844751, 9969.081122267142]]}