{"camera_matrix": [[306.36282312261164, 0.0, 269.35596703124224], [0.0, 493.7764973888204, 207.1721176376615], [0.0, 0.0, 1.0]], "dist_coeffs": [[-0.3467015324118235, -38.9788209293902, 0.7722353541887299, -0.21576028981586212, 141.24310421685573]], "rvecs": [[[-0.7186055890338912], [-0.3794887156352921], [0.009341546823495318]], [[-0.6211127601931334], [-0.41735688390015485], [0.021347367447656286]], [[-0.6482647728872647], [-0.4930619913869878], [0.00407287633998745]], [[-0.5947540683277174], [-0.450067977444366], [0.025317022446354087]], [[-0.6596241583013261], [-0.4293833797164178], [0.013282394514615735]], [[-0.6398949000832683], [-0.4785621147414301], [0.009677841143705769]], [[-0.6812538834780609], [-0.4401348890896134], [0.006852920242704128]], [[-0.6719979110932071], [-0.4681629323702602], [0.003419012267236437]], [[-0.629032818392805], [-0.5034364840501265], [0.007800802199100861]], [[-0.6488521467456089], [-0.5073382408305764], [0.002554835414029423]], [[-0.6454583800820941], [-0.5065668444830664], [0.0033783922431692356]], [[-0.67706548388758], [-0.5359880260072329], [-0.00997472834402185]], [[-0.6031060116968139], [-0.383039231529924], [0.029372579186133906]], [[-0.6583283074635148], [-0.43554306289309236], [0.01141216584621412]], [[-0.6510889139881869], [-0.4515762988247778], [0.01014165946337483]], [[-0.6620832350487351], [-0.4839984112367394], [0.002514851619189858]], [[-0.6689682673560018], [-0.43758723709804265], [0.008974715806158298]], [[-0.6518320381012924], [-0.44333843131566575], [0.011598233014213286]], [[-0.6534782915062985], [-0.49207036673576277], [0.002898882373110851]], [[-0.6419734719559628], [-0.4613109422646676], [0.011319710875376417]], [[-0.6888914562412028], [-0.5151243530410629], [-0.009211506132530838]], [[-0.642007828474729], [-0.43271529283411175], [0.014761347850278207]], [[-0.6403609739974248], [-0.485244504601996], [0.00774278151357411]], [[-0.6291544558777545], [-0.46096367146981976], [0.013637257958340008]], [[-0.6005592274474527], [-0.3713667635451169], [0.0324166065381897]], [[-0.6286929733403556], [-0.40472248193526195], [0.02134385312074098]], [[-0.6311915038365232], [-0.42306514431249803], [0.01950130011598829]], [[-0.6428126399838815], [-0.4552666952189565], [0.011992660708996322]], [[-0.6247104509674708], [-0.4824869583631704], [0.012614223955760912]], [[-0.6449618072988874], [-0.4715912807267607], [0.00998555089588802]], [[-0.6658947445524088], [-0.4528221983882952], [0.007312918526356807]], [[-0.6333667709513121], [-0.5011962452696617], [0.008101421192233236]], [[-0.6341746012611421], [-0.43370616640784687], [0.017868424574510343]], [[-0.62713746579667], [-0.40121116806709345], [0.02369544697256333]], [[-0.6900645448789543], [-0.4967471660228714], [-0.006046114114341159]], [[-0.6703431209023291], [-0.4926803079138378], [-0.00029087223715666845]], [[-0.612254812272071], [-0.49221040041774], [0.014536418325734862]], [[-0.59787451986696], [-0.40319354685409625], [0.028671350950928917]], [[-0.6495689110645597], [-0.4584979683576053], [0.010388273978016305]], [[-0.6448417847880523], [-0.43491533753602785], [0.015203738954842004]], [[-0.6149350246546336], [-0.4925264751981215], [0.013482832949867286]], [[-0.5767183688863472], [-0.4580231375871484], [0.02606976390523614]], [[-0.6322954470941847], [-0.4140991230638004], [0.020503638114768435]], [[-0.6153813759459826], [-0.4514390378972289], [0.01925436931214571]], [[-0.6262722841127586], [-0.45896273252482866], [0.01531871417358114]], [[-0.590044106063073], [-0.40998967225262867], [0.030642027735332047]], [[-0.5423540665934087], [-0.4680292619426408], [0.03393049109556606]], [[-0.6568618162178506], [-0.44980168925976716], [0.009921695202307304]], [[-0.6536278700584558], [-0.5293935155713315], [-0.0026222417764742174]], [[-0.6286081947613676], [-0.46456655135043373], [0.014414920499415238]], [[-0.6587090932846431], [-0.507225303058872], [0.0010825389331551966]], [[-0.6644539682314706], [-0.4322592262393753], [0.011345307116176359]], [[-0.6504495333744095], [-0.49372541187688657], [0.005183816463303438]], [[-0.6167862007149273], [-0.5091180169298067], [0.010715876550433929]], [[-0.559201533674757], [-0.460524585712128], [0.030464428399819728]], [[-0.6338529889782676], [-0.5159762029692381], [0.0051522803491747165]], [[-0.6729275192340833], [-0.5173680071422354], [-0.0053511891307474555]], [[-0.6151206267603807], [-0.49251032475535866], [0.01361827308981262]], [[-0.6728364225734877], [-0.5030187876105754], [-0.0030236430037754555]], [[-0.6476726761337338], [-0.4435057968704678], [0.013085884597114962]], [[-0.5951020561052881], [-0.45960115345131064], [0.022659232822524557]], [[-0.6440299130255102], [-0.44546094859863855], [0.013603040319704452]], [[-0.5900463428168533], [-0.3797906933456775], [0.03380671808379369]], [[-0.6218135594529547], [-0.40263886860494014], [0.025155604595769564]], [[-0.5928247918808239], [-0.44936027168654297], [0.024740580064431042]], [[-0.6301074533292546], [-0.45246616573969345], [0.015818893987515993]], [[-0.5860613323950591], [-0.44928598651400536], [0.026381771583429484]], [[-0.6033873789691833], [-0.44630471813551964], [0.022225964667313577]], [[-0.6061018468355283], [-0.46098485528472494], [0.020635643473801476]], [[-0.5692472532029851], [-0.4291011941081515], [0.03139443062564381]], [[-0.6018258158952515], [-0.41024954790276064], [0.02698317824080707]], [[-0.6206955856212277], [-0.47441764808374354], [0.015001968889169683]], [[-0.60831847344395], [-0.36802724603219883], [0.03126416639395575]], [[-0.6792576604155942], [-0.4612886528671646], [0.0034802475215243997]], [[-0.6138495278488239], [-0.4494864957664268], [0.019840113849791577]], [[-0.6857688339253358], [-0.5445332640497623], [-0.013181859712586461]], [[-0.652639941364394], [-0.5000318835509932], [0.0028601705546698977]], [[-0.6042106921596669], [-0.45463403052305107], [0.0220321379799142]], [[-0.6921498275073086], [-0.5322544352038047], [-0.012904591260860758]], [[-0.5943977779348101], [-0.4354545214419486], [0.025821044494360956]], [[-0.6356968700424859], [-0.5192131818544887], [0.0036868738531373245]], [[-0.6380026804795901], [-0.4820053893413527], [0.010024871271669908]], [[-0.6586434803488173], [-0.5180683582942842], [-0.0015925871583725019]], [[-0.6339340114440827], [-0.4638852992176033], [0.012910850337118447]], [[-0.6367505903805196], [-0.4966817990604998], [0.0069749341578513365]], [[-0.6393045716413872], [-0.5088506680014897], [0.004696500557016964]], [[-0.6612770292579642], [-0.4797686846162945], [0.00431983773311054]], [[-0.6391584909891758], [-0.4405084699097398], [0.015640107247623793]], [[-0.62803702101355], [-0.44096110522624304], [0.016997246592819107]], [[-0.6554798401519019], [-0.4336349889097677], [0.012998125228250418]], [[-0.634873111129387], [-0.5007538544524939], [0.007114647947226884]], [[-0.6708919953271317], [-0.4943728269195047], [-0.0009119574589567393]], [[-0.6536853671443955], [-0.5253074558167848], [-0.0015580425384764756]], [[-0.5601653474499693], [-0.47496950799313803], [0.02909362641370425]], [[-0.6792918471576957], [-0.5068736389267638], [-0.005090949647884196]], [[-0.6441348447599227], [-0.4781239448776182], [0.008345136650890895]], [[-0.5547491872630415], [-0.44441213102452265], [0.03343616193079459]], [[-0.6439415953770247], [-0.5070525401950027], [0.00417847628080177]], [[-0.598760015420433], [-0.3922907287418335], [0.030673638401205353]], [[-0.6606631128876554], [-0.44743100989104084], [0.009270480091258937]]],