{"camera_matrix": [[326.263305961921, 0.0, 252.92679269630423], [0.0, 594.2440969676918, 259.4884430617485], [0.0, 0.0, 1.0]], "dist_coeffs": [[-0.0921249331571008, -0.1612793366850383, -0.018076091669879238, -0.010125582103414056, 0.4060621421546703]], "rvecs": [[[-0.047397497089835254], [0.030643286818475224], [0.01598695105860066]], [[-0.04550614908112511], [0.030658020360271047], [0.016192170000254285]], [[-0.04565981650193054], [0.03179517800540762], [0.01566582782042099]], [[-0.04679984865295703], [0.030230912179730476], [0.016007371093386288]], [[-0.04666507121341433], [0.030451732642391077], [0.015970325889500505]], [[-0.04605764646427748], [0.030694441609575726], [0.01587191586923037]], [[-0.04601195286032726], [0.03149598203093398], [0.01581512956458544]], [[-0.045974927158974346], [0.03107961376467575], [0.015942299733102936]], [[-0.0482985884822028], [0.029154229897321075], [0.015813649755225565]], [[-0.046788674726766045], [0.028637833722539283], [0.01610809947929122]], [[-0.045914226576712736], [0.02966108889384603], [0.015920264504685804]], [[-0.04785065318596462], [0.03068610573973056], [0.015717596299111257]], [[-0.04719288797682457], [0.030415738074149427], [0.015871351143778852]], [[-0.046589584510298175], [0.03276812591816419], [0.015528858262356221]], [[-0.04662445881507446], [0.03142800619358574], [0.015788839763532802]], [[-0.04624523414597821], [0.0308210744709594], [0.01588848152626332]], [[-0.04725279655655308], [0.0308356518969649], [0.015773792993215966]], [[-0.045377702648779106], [0.03147898000898719], [0.015808813993414272]], [[-0.04688686491739367], [0.030885867097018672], [0.015903337923417884]], [[-0.045403467222423895], [0.031988264439308675], [0.015565466227295943]], [[-0.04683950785638438], [0.031288752606759285], [0.015604702411959718]], [[-0.04708837324376441], [0.02883687425190992], [0.015945028806167136]], [[-0.04680836588595638], [0.0313283405844912], [0.015958971401894787]], [[-0.04754277874591614], [0.030054570037805615], [0.01587473537656407]], [[-0.04559075546067025], [0.030924245362736195], [0.015719127926499907]], [[-0.04612578298998169], [0.031147537750766115], [0.015691200651482936]], [[-0.0455977331618178], [0.031152903225140707], [0.01576090385128688]], [[-0.04698243848772182], [0.0307293613600372], [0.01564826800260362]], [[-0.04670964791306878], [0.031843858294086494], [0.015478702131107011]], [[-0.046562675529068766], [0.030017849665947793], [0.015776231647522745]], [[-0.04490026494587755], [0.031152694122848025], [0.01568044903499156]], [[-0.04795968087910526], [0.02938021242603512], [0.01565498201540938]], [[-0.04673685009689053], [0.031335111251028426], [0.015841834947120517]], [[-0.0456273181527671], [0.03019546898922487], [0.015722125763044784]], [[-0.04549158914180781], [0.029889732474558114], [0.015954554715541348]], [[-0.04686526176863672], [0.03011792710263787], [0.015638030503671012]], [[-0.04709725195511429], [0.029674767270918227], [0.015833768747640843]], [[-0.046611503179081595], [0.03019017182920275], [0.015659557620377414]], [[-0.04736968194392348], [0.028486520813041594], [0.015913529680408135]], [[-0.04554144661282193], [0.030061315063452835], [0.015759942624364292]], [[-0.04669948817986773], [0.03097993563608868], [0.0157546301790877]], [[-0.04643417010665457], [0.03101223697466215], [0.015639052812481565]], [[-0.04659166690326809], [0.032294051475997246], [0.015534051477360929]], [[-0.0477688687585342], [0.030994048569514713], [0.01567365879976532]], [[-0.04702569185985465], [0.03171996861778379], [0.015574177456718552]], [[-0.04741880669076692], [0.03153184813282397], [0.015428190090453037]], [[-0.04638322750929427], [0.02951883650801156], [0.01590885414320663]], [[-0.045683679856326195], [0.030728373404059005], [0.01554333343393929]], [[-0.04733617583380523], [0.029904043473529505], [0.015923280815149838]], [[-0.04777709101131275], [0.031189949098122203], [0.015568951311603392]], [[-0.04640339293559747], [0.031276447535374556], [0.015532848985418776]], [[-0.046146405659298506], [0.030654896689691475], [0.015817832631922654]], [[-0.046774891374370464], [0.029452811132641084], [0.01574722554395642]], [[-0.04649949589074586], [0.029707027949003404], [0.01566133503743382]], [[-0.04510125042110755], [0.030377284764218082], [0.015650397669034286]], [[-0.04751614350871748], [0.03127373667522927], [0.015518557389246748]], [[-0.0460591963828938], [0.03077672071129527], [0.01546075071044111]], [[-0.04608962843666529], [0.030633781494158394], [0.015480157068198809]], [[-0.04776260523408583], [0.030015562929755935], [0.01595301413850194]], [[-0.04577772685259782], [0.030917446961911853], [0.015374570208914856]], [[-0.0469545019250817], [0.03176769441228177], [0.015543691841992818]], [[-0.04720777364743678], [0.030216086674231327], [0.015788160319978678]], [[-0.04756760397939664], [0.03040845972406544], [0.01575120624553265]], [[-0.04596203352410129], [0.031137057865034224], [0.015679228086263867]], [[-0.04735164751079007], [0.030807079929127127], [0.015563687137736]], [[-0.046264718994961616], [0.03217766482140984], [0.015483909869178967]], [[-0.04785259767251688], [0.0300006420905413], [0.015513519699723772]], [[-0.04696822569528064], [0.03037304092333143], [0.015600221328148117]], [[-0.04734714780764005], [0.030100469173981285], [0.015862169124333518]], [[-0.046363641071527115], [0.029846363763151952], [0.015668683892129786]], [[-0.048015254203099704], [0.029408944846955158], [0.015849986583547585]], [[-0.04514196710243324], [0.02840216671040592], [0.015763295691678687]], [[-0.045984755135729145], [0.03000864261561388], [0.015514035572789308]], [[-0.045706388017386856], [0.029482684384100566], [0.015572786302197193]], [[-0.04603581552887429], [0.028283012024871455], [0.015774487841989083]], [[-0.04673372677665325], [0.02946611768505728], [0.015506179563523423]], [[-0.04746828265572436], [0.029771558742885423], [0.015678990576810194]], [[-0.04750684494003798], [0.030327398770025743], [0.015373612871903938]], [[-0.04633986710816305], [0.03013615652019481], [0.015575736307656015]], [[-0.04707156055535258], [0.02861722217195526], [0.015928190721636096]], [[-0.04786077717436893], [0.028902084753581168], [0.01570063794610969]], [[-0.047734575906795966], [0.02968038096532872], [0.01568649782230695]], [[-0.047692538816443246], [0.03069984792981009], [0.015319046084963869]], [[-0.04577886617512572], [0.030470124261075097], [0.01560778839172474]], [[-0.04646207061524074], [0.031438189651417855], [0.015450087977181736]], [[-0.04612755032430498], [0.029263331648297742], [0.015528224025722438]], [[-0.04750893088627769], [0.03091453756142581], [0.015257704229491756]], [[-0.04762427537414052], [0.02888615842989956], [0.01558701620823188]], [[-0.048120175342362244], [0.029747680813392546], [0.015440745178643878]], [[-0.046910232699795544], [0.02960263902733689], [0.015574985012993921]], [[-0.046856336000335126], [0.029813676676726863], [0.015521966026945638]], [[-0.04641593092417442], [0.029667752872996472], [0.015587382725437464]], [[-0.04585351441954854], [0.029719280452082386], [0.01554057940504567]], [[-0.04663922490637803], [0.030236848221839068], [0.015529423248476717]], [[-0.04808252513201647], [0.02964414609761042], [0.015309252845105117]], [[-0.04811592639008576], [0.02973398301253486], [0.015551160813849746]], [[-0.046060734748491615], [0.03099018779476696], [0.015585396393396055]], [[-0.04695979274252149], [0.030680577483459356], [0.015495430950452251]], [[-0.04590739053111542], [0.029142296385723656], [0.015665016410469357]], [[-0.04766473538327587], [0.03044761997182761], [0.015328262754561438]]],