{"rotation_matrix": [[0.8819933270280452, 0.12160571778148288, -0.4553019003703477], [0.15532933385706943, 0.837130590750078, 0.5244856261843069], [0.4449275998648755, -0.5333145633050684, 0.7194546597564058]], "translation_vector": [[218.1174184504935], [-149.88892267167148], [752.6366366680402]]}